City_ID,City,Lat,Lng,Max Temp,Humidity,Cloudiness,Wind Speed,Country,Date
0,lata,40.1629,-8.3327,12.18,89,86,0.58,PT,1681092990
1,chara,56.9064,118.2631,-8.83,73,100,0.87,RU,1681092402
2,nanortalik,60.1432,-45.2371,-2.55,95,99,2.43,GL,1681092992
3,new norfolk,-42.7826,147.0587,12.18,61,100,1.79,AU,1681092992
4,margate,51.3813,1.3862,12.15,73,100,3.58,GB,1681092993
5,hobart,-42.8794,147.3294,12.37,69,75,9.26,AU,1681092848
6,saint-philippe,-21.3585,55.7679,23.77,85,100,4.43,RE,1681092994
7,puerto ayora,-0.7393,-90.3518,26.97,88,82,0.45,EC,1681092994
8,bluff,-46.6,168.3333,16.18,81,97,6.17,NZ,1681092995
9,mareeba,-17.0,145.4333,32.47,63,58,1.44,AU,1681092996
10,kargasok,59.0556,80.8572,0.41,99,100,4.45,RU,1681092996
11,thinadhoo,0.5333,72.9333,28.19,70,15,2.91,MV,1681092626
12,kamaishi,39.2667,141.8833,13.01,46,90,5.31,JP,1681092997
13,rikitea,-23.1203,-134.9692,25.02,63,0,3.52,PF,1681092998
14,provideniya,64.3833,-173.3,-13.94,43,40,7.0,RU,1681092998
15,jamestown,42.097,-79.2353,5.8,56,0,2.57,US,1681092841
16,atuona,-9.8,-139.0333,27.1,76,19,5.24,PF,1681092999
17,hun,29.1268,15.9477,12.71,49,43,2.47,LY,1681092999
18,bredasdorp,-34.5322,20.0403,14.53,73,57,8.41,ZA,1681092999
19,vaini,-21.2,-175.2,30.09,74,20,3.6,TO,1681093000
20,lebu,-37.6167,-73.65,13.99,79,35,0.82,CL,1681093000
21,tim,51.6222,37.1244,5.11,68,39,2.06,RU,1681093000
22,butaritari,3.0707,172.7902,27.33,77,74,3.61,KI,1681093000
23,east london,-33.0153,27.9116,16.91,80,99,6.53,ZA,1681093001
24,collie,-33.3667,116.15,19.72,56,100,4.67,AU,1681093001
25,cape town,-33.9258,18.4232,14.93,87,75,3.09,ZA,1681092905
26,ushuaia,-54.8,-68.3,2.81,81,40,13.89,AR,1681093001
27,nyurba,63.2842,118.3319,-14.52,88,99,2.02,RU,1681093002
28,sitka,57.0531,-135.33,5.94,70,100,4.63,US,1681093002
29,mae hong son,19.3003,97.9685,30.08,51,3,0.51,TH,1681093002
30,bousso,10.4795,16.7117,31.2,18,100,2.55,TD,1681093002
31,hermanus,-34.4187,19.2345,15.45,76,52,10.28,ZA,1681093003
32,punta arenas,-53.15,-70.9167,4.06,70,40,4.12,CL,1681092222
33,bengkulu,-3.8004,102.2655,26.12,79,86,0.88,ID,1681092722
34,victoria,22.2855,114.1577,24.68,81,30,1.34,HK,1681093004
35,sovetskoye,52.2861,85.4131,2.05,59,99,2.82,RU,1681093004
36,narsaq,60.9167,-46.05,-1.88,89,100,2.07,GL,1681093004
37,cidreira,-30.1811,-50.2056,22.31,85,0,8.24,BR,1681093004
38,mogadishu,2.0371,45.3438,28.1,77,13,5.27,SO,1681093005
39,tura,25.5198,90.2201,28.05,28,0,1.94,IN,1681092798
40,mataura,-46.1927,168.8643,18.25,67,100,2.56,NZ,1681093005
41,denpasar,-8.65,115.2167,28.81,89,40,6.17,ID,1681092392
42,lengshuitan,26.4111,111.5956,21.29,69,94,3.44,CN,1681093006
43,tuktoyaktuk,69.4541,-133.0374,-9.0,86,100,7.2,CA,1681093006
44,arraial do cabo,-22.9661,-42.0278,23.76,71,100,5.46,BR,1681092715
45,mar del plata,-38.0023,-57.5575,20.61,69,0,2.57,AR,1681093007
46,krasnoselkup,65.7,82.4667,-15.08,87,100,5.75,RU,1681093007
47,haapiti,-17.5667,-149.8667,29.85,75,100,6.58,PF,1681093007
48,kapaa,22.0752,-159.319,26.99,85,100,9.26,US,1681093007
49,hilo,19.7297,-155.09,26.08,69,0,3.6,US,1681093008
50,aliganj,27.5,79.1833,26.57,15,2,3.47,IN,1681093008
51,hokitika,-42.7167,170.9667,15.93,86,100,2.37,NZ,1681093008
52,pevek,69.7008,170.3133,-23.19,91,84,0.42,RU,1681093009
53,upernavik,72.7868,-56.1549,-18.32,97,100,6.87,GL,1681093009
54,khuzdar,27.7384,66.6434,20.24,32,32,0.47,PK,1681093009
55,albany,42.6001,-73.9662,6.0,45,3,0.89,US,1681093009
56,yellowknife,62.456,-114.3525,0.04,93,92,3.42,CA,1681092819
57,saskylakh,71.9167,114.0833,-17.73,91,100,4.05,RU,1681093010
58,el monte,34.0686,-118.0276,26.94,51,0,3.09,US,1681093011
59,sayyan,15.1718,44.3244,13.58,70,1,1.65,YE,1681093011
60,dukat,62.55,155.55,-10.64,70,5,2.04,RU,1681093012
61,georgetown,5.4112,100.3354,29.97,78,20,2.06,MY,1681093012
62,laguna,38.421,-121.4238,24.1,39,0,2.06,US,1681092938
63,havoysund,70.9963,24.6622,3.13,87,100,9.31,NO,1681093012
64,surt,31.2089,16.5887,14.4,68,0,3.64,LY,1681093013
65,ponta do sol,32.6667,-17.1,19.45,68,26,2.42,PT,1681093013
66,flin flon,54.7682,-101.865,2.41,98,100,2.77,CA,1681092910
67,itarema,-2.9248,-39.9167,24.9,88,89,2.58,BR,1681092933
68,vestmanna,62.1564,-7.1664,5.51,100,100,9.26,FO,1681093014
69,longyearbyen,78.2186,15.6401,-0.09,86,75,7.2,SJ,1681093014
70,uyuni,-20.4597,-66.825,12.12,37,99,3.57,BO,1681093015
71,brae,60.3964,-1.353,7.14,91,100,11.64,GB,1681093015
72,la asuncion,11.0333,-63.8628,24.78,87,19,7.17,VE,1681092749
73,qaanaaq,77.484,-69.3632,-25.25,72,0,3.01,GL,1681093016
74,alanya,36.5438,31.9998,16.07,77,97,0.76,TR,1681093016
75,olafsvik,64.8945,-23.7142,4.28,93,100,6.91,IS,1681093016
76,ozernovskiy,51.5,156.5167,0.32,99,100,6.37,RU,1681093017
77,espinosa,-14.9261,-42.8192,22.74,71,18,1.89,BR,1681093017
78,sept-iles,50.2001,-66.3821,6.0,61,75,5.14,CA,1681093018
79,port elizabeth,-33.918,25.5701,14.16,69,0,4.12,ZA,1681093018
80,padang,-0.9492,100.3543,28.03,75,88,0.18,ID,1681093018
81,gumdag,39.2061,54.5906,11.01,82,21,3.83,TM,1681093018
82,carnarvon,-24.8667,113.6333,22.85,55,97,6.25,AU,1681093019
83,luderitz,-26.6481,15.1594,13.11,61,19,9.01,NA,1681093019
84,barrow,71.2906,-156.7887,-17.99,71,100,3.6,US,1681093020
85,busselton,-33.65,115.3333,20.12,57,100,7.68,AU,1681092740
86,coquimbo,-29.9533,-71.3436,14.85,94,20,2.06,CL,1681092882
87,lagoa,39.05,-27.9833,15.18,90,4,4.65,PT,1681093020
88,lasa,46.6166,10.7002,2.23,79,24,2.21,IT,1681093020
89,hithadhoo,-0.6,73.0833,27.75,70,5,1.81,MV,1681093021
90,erenhot,43.6475,111.9767,7.09,16,100,7.53,CN,1681093021
91,chokurdakh,70.6333,147.9167,-17.92,83,49,4.77,RU,1681093021
92,kavieng,-2.5744,150.7967,26.9,82,99,4.76,PG,1681093022
93,sorong,-0.8833,131.25,28.27,74,97,1.82,ID,1681093022
94,naze,28.3667,129.4833,18.51,59,25,4.42,JP,1681092952
95,dikson,73.5069,80.5464,-28.5,100,94,3.9,RU,1681093022
96,alofi,-19.0595,-169.9187,27.94,78,5,6.17,NU,1681093023
97,isangel,-19.55,169.2667,32.06,74,40,3.6,VU,1681092745
98,andenes,69.3143,16.1194,0.52,86,35,2.57,NO,1681093023
99,tasiilaq,65.6145,-37.6368,3.09,96,100,13.22,GL,1681093024
100,ilave,-16.0833,-69.6667,5.57,76,100,0.31,PE,1681093024
101,samarai,-10.6167,150.6667,28.69,73,100,2.18,PG,1681093024
102,ribeira grande,38.5167,-28.7,14.32,92,38,1.34,PT,1681093025
103,hami,42.8,93.45,9.91,29,40,9.05,CN,1681093025
104,castro,-24.7911,-50.0119,15.01,98,83,2.74,BR,1681093025
105,clyde river,70.4692,-68.5914,-23.74,81,0,1.72,CA,1681092860
106,leningradskiy,69.3833,178.4167,-17.7,89,100,6.91,RU,1681093026
107,broome,42.2506,-75.833,4.45,61,1,0.89,US,1681093027
108,diffa,13.3154,12.6113,31.16,20,100,3.13,NE,1681093027
109,saint anthony,45.0205,-93.218,16.96,56,100,3.6,US,1681092936
110,khatanga,71.9667,102.5,-17.85,94,100,2.52,RU,1681093027
111,constitucion,-35.3333,-72.4167,14.8,65,80,3.87,CL,1681093028
112,salacgriva,57.7536,24.3581,5.71,76,100,1.65,LV,1681093028
113,waipawa,-41.4122,175.5153,20.13,57,7,4.47,NZ,1681093029
114,owen sound,44.5672,-80.9435,7.31,80,0,0.89,CA,1681092963
115,lorengau,-2.0226,147.2712,25.35,91,100,3.02,PG,1681093029
116,avarua,-21.2078,-159.775,28.03,69,29,4.12,CK,1681093030
117,korla,41.7597,86.1469,12.28,33,71,0.95,CN,1681093030
118,bongandanga,1.5,21.05,22.23,82,100,0.39,CD,1681093031
119,yulara,-25.2406,130.9889,30.98,21,26,4.66,AU,1681092736
120,vardo,70.3705,31.1107,1.99,75,48,7.2,NO,1681093031
121,vila velha,-20.3297,-40.2925,21.97,94,75,3.09,BR,1681093032
122,taltal,-25.4,-70.4833,19.86,78,9,1.85,CL,1681093032
123,moose factory,51.2585,-80.6094,11.0,34,0,6.69,CA,1681093032
124,dingle,10.9995,122.6711,29.0,66,100,4.68,PH,1681093033
125,norman wells,65.282,-126.8329,2.02,64,40,4.63,CA,1681093033
126,grasse,43.6667,6.9167,8.98,79,75,1.54,FR,1681092961
127,sola,-13.8833,167.55,28.46,77,100,6.48,VU,1681093034
128,veraval,20.9,70.3667,25.21,49,0,5.5,IN,1681093034
129,faanui,-16.4833,-151.75,27.72,74,99,7.54,PF,1681093035
130,cameron park,38.6688,-120.9872,21.78,42,57,1.23,US,1681093035
131,kavaratti,10.5669,72.642,27.88,72,5,1.52,IN,1681092785
132,roald,62.5833,6.1333,5.74,87,100,2.06,NO,1681093036
133,alta floresta,-9.8756,-56.0861,22.09,97,85,1.42,BR,1681093036
134,cherskiy,68.75,161.3,-11.78,71,0,1.98,RU,1681093037
135,iranshahr,27.2025,60.6848,19.19,30,0,0.0,IR,1681093037
136,fairbanks,64.8378,-147.7164,-10.78,57,75,5.14,US,1681093037
137,majenang,-7.2975,108.7642,27.95,78,85,1.61,ID,1681093038
138,devils lake,48.1128,-98.8651,2.75,82,0,4.12,US,1681093038
139,leshukonskoye,64.8989,45.7622,-5.8,99,100,2.0,RU,1681093038
140,ahipara,-35.1667,173.1667,21.41,75,0,7.36,NZ,1681093039
141,doha,25.2867,51.5333,20.94,60,0,2.06,QA,1681093039
142,pandan niog,6.2282,120.5631,27.85,76,100,4.49,PH,1681093039
143,banepa,27.6298,85.5214,17.18,48,20,0.0,NP,1681093040
144,los llanos de aridane,28.6585,-17.9182,17.86,71,100,6.17,ES,1681093040
145,mitchell,43.7094,-98.0298,12.84,57,0,4.12,US,1681092943
146,pisco,-13.7,-76.2167,23.03,83,0,6.17,PE,1681093041
147,taksimo,56.3444,114.8794,-4.85,85,100,0.84,RU,1681093042
148,san patricio,28.017,-97.5169,22.31,75,100,4.32,US,1681093042
149,grand gaube,-20.0064,57.6608,25.22,78,100,2.24,MU,1681093043
150,port alfred,-33.5906,26.891,15.5,80,19,6.72,ZA,1681093043
151,san quintin,30.4833,-115.95,15.04,83,0,5.69,MX,1681093043
152,geraldton,-28.7667,114.6,24.23,46,8,1.54,AU,1681093044
153,guerrero negro,27.9769,-114.0611,15.14,84,3,6.27,MX,1681093044
154,shimoda,34.6667,138.95,20.06,49,0,5.83,JP,1681093044
155,wangaratta,-36.3667,146.3333,16.93,63,68,4.92,AU,1681093045
156,kauhajoki,62.4333,22.1833,-2.01,99,100,1.66,FI,1681093045
157,jablonne nad orlici,50.0296,16.6006,3.36,94,15,0.88,CZ,1681093046
158,nome,64.5011,-165.4064,-16.58,65,0,7.2,US,1681093046
159,baykit,61.67,96.37,-14.65,92,100,0.84,RU,1681093046
160,vengerovo,55.6848,76.7471,0.73,82,71,5.96,RU,1681093046
161,souillac,-20.5167,57.5167,25.21,83,40,5.14,MU,1681093047
162,selty,57.3132,52.1345,-0.17,89,23,2.19,RU,1681093047
163,rawson,-43.3002,-65.1023,11.51,41,100,9.11,AR,1681093047
164,vanimo,-2.6741,141.3028,28.63,68,96,0.48,PG,1681093047
165,ancud,-41.8697,-73.8203,11.34,97,100,4.64,CL,1681093048
166,port hardy,50.6996,-127.4199,8.0,76,75,7.2,CA,1681093048
167,dubbo,-32.25,148.6167,16.07,44,40,5.14,AU,1681092963
168,ochamchira,42.7121,41.4721,10.83,55,81,1.96,GE,1681093049
169,tiksi,71.6872,128.8694,-16.33,80,100,2.69,RU,1681093049
170,airai,-8.9266,125.4092,20.79,76,96,1.95,TL,1681093049
171,talnakh,69.4865,88.3972,-24.13,93,31,1.26,RU,1681093049
172,buin,-33.7333,-70.75,22.84,28,53,0.82,CL,1681093050
173,kruisfontein,-34.0033,24.7314,10.49,81,0,3.82,ZA,1681093050
174,half moon bay,37.4636,-122.4286,20.23,54,0,8.75,US,1681092834
175,shiyan,32.6475,110.7781,23.63,45,100,0.95,CN,1681092916
176,price,39.5994,-110.8107,15.62,30,0,3.6,US,1681092936
177,cabra,37.4725,-4.4421,15.21,52,16,1.29,ES,1681092685
178,chicama,-7.8447,-79.1469,26.3,76,96,2.99,PE,1681093052
179,duvan,55.695,57.9024,1.0,74,17,2.31,RU,1681093052
180,buala,-8.145,159.5921,29.25,71,100,1.37,SB,1681093053
181,turayf,31.6725,38.6637,20.14,30,0,2.06,SA,1681093053
182,aasiaat,68.7098,-52.8699,-13.66,100,81,0.39,GL,1681093053
183,bambous virieux,-20.3428,57.7575,25.14,83,40,5.14,MU,1681093054
184,volsk,52.0333,47.3833,4.28,50,7,2.18,RU,1681093054
185,rio grande,-32.035,-52.0986,21.09,89,0,3.95,BR,1681093054
186,gat,31.61,34.7642,25.99,31,100,7.02,IL,1681093055
187,sakaiminato,35.55,133.2333,18.99,42,20,6.69,JP,1681093055
188,nizwa,22.9333,57.5333,21.58,66,58,1.05,OM,1681093055
189,gayeri,12.6497,0.4931,30.59,15,100,3.27,BF,1681093056
190,comodoro rivadavia,-45.8667,-67.5,2.92,48,0,2.57,AR,1681092833
191,bethel,41.3712,-73.414,6.48,64,0,0.0,US,1681093056
192,hualahuises,24.8847,-99.6733,18.66,96,100,1.28,MX,1681093057
193,touros,-5.1989,-35.4608,24.82,92,100,3.99,BR,1681093057
194,champerico,14.3,-91.9167,28.86,66,14,2.55,GT,1681093057
195,torbay,47.6666,-52.7314,-2.46,65,75,8.23,CA,1681092936
196,texarkana,33.4251,-94.0477,16.12,84,0,1.54,US,1681092828
197,sao filipe,14.8961,-24.4956,22.16,67,3,4.44,CV,1681092796
198,brest,52.1,23.7,6.98,93,79,2.0,BY,1681093058
199,saint-augustin,51.226,-58.6502,-2.4,92,100,2.8,CA,1681093058
200,vikindu,-7.0067,39.2985,22.47,96,100,1.61,TZ,1681093059
201,vandavasi,12.5,79.6167,27.02,75,6,1.81,IN,1681093059
202,aksarka,66.5606,67.7975,-14.57,81,100,9.29,RU,1681093059
203,yar-sale,66.8333,70.8333,-14.65,94,100,6.99,RU,1681093060
204,caxito,-8.5785,13.6643,23.71,96,100,1.23,AO,1681093060
205,jiuquan,39.7432,98.5174,7.71,49,65,3.53,CN,1681093061
206,burnie,-41.0667,145.9167,16.92,40,0,2.63,AU,1681093061
207,salisbury,51.0693,-1.7957,11.09,92,100,3.6,GB,1681093062
208,kapit,2.0167,112.9333,29.81,65,86,0.36,MY,1681092881
209,janossomorja,47.7862,17.136,6.06,94,23,3.6,HU,1681093062
210,muros,42.7762,-9.0603,11.72,91,100,2.42,ES,1681093062
211,la sarre,48.8002,-79.1996,1.88,85,16,5.11,CA,1681092936
212,lavrentiya,65.5833,-171.0,-17.18,71,30,4.09,RU,1681092796
213,tombouctou,20.0,-3.0,24.37,17,100,7.05,ML,1681093064
214,koshki,54.2091,50.4677,3.3,57,9,1.93,RU,1681093064
215,grants,35.1473,-107.8514,14.13,14,0,4.12,US,1681093065
216,necochea,-38.5473,-58.7368,20.05,57,82,4.88,AR,1681093065
217,hobyo,5.3505,48.5268,28.55,72,82,7.24,SO,1681093065
218,umm lajj,25.0213,37.2685,27.19,56,100,5.62,SA,1681093066
219,ogembo,-0.7984,34.7253,14.37,95,15,1.99,KE,1681093066
220,port lincoln,-34.7333,135.8667,17.72,64,74,5.55,AU,1681093066
221,pekalongan,-6.8886,109.6753,31.67,72,97,0.64,ID,1681093066
222,maitum,6.0392,124.4986,28.77,72,100,0.57,PH,1681093067
223,puerto escondido,15.85,-97.0667,28.46,69,20,2.57,MX,1681092804
224,palmer,42.1584,-72.3287,6.35,51,0,5.14,US,1681092759
225,diamantino,-14.4086,-56.4461,22.61,94,48,0.64,BR,1681093068
226,kushiro,42.975,144.3747,9.53,61,75,4.63,JP,1681093068
227,andapa,-14.65,49.65,20.43,99,100,0.69,MG,1681093068
228,ulaangom,49.9811,92.0667,-2.57,36,86,2.72,MN,1681093068
229,felanitx,39.4696,3.1483,12.2,82,100,0.78,ES,1681093069
230,totskoye,52.5248,52.7623,4.13,47,86,1.68,RU,1681093069
231,fremont,37.5483,-121.9886,21.98,52,0,5.14,US,1681092782
232,micheweni,-4.9667,39.8333,26.46,82,92,1.73,TZ,1681093070
233,hofn,64.2539,-15.2082,6.86,96,100,8.88,IS,1681093070
234,labuhan,-6.8844,112.2051,28.25,71,63,3.11,ID,1681093071
235,port macquarie,-31.4333,152.9167,21.05,35,0,3.38,AU,1681093072
236,mehamn,71.0357,27.8492,2.97,87,75,8.23,NO,1681093072
237,talaja,21.35,72.05,28.08,37,1,4.9,IN,1681093072
238,huilong,31.8111,121.655,16.95,65,65,5.6,CN,1681093072
239,adrar,20.5022,-10.0711,22.65,38,80,7.49,MR,1681093073
240,westport,41.1415,-73.3579,6.75,69,0,3.09,US,1681093073
241,cabo san lucas,22.8909,-109.9124,26.61,27,40,2.57,MX,1681093073
242,saldanha,-33.0117,17.9442,13.03,77,65,6.07,ZA,1681093074
243,madridejos,39.4682,-3.532,14.84,39,27,3.27,ES,1681093074
244,kodiak,57.79,-152.4072,-3.27,43,0,12.86,US,1681093074
245,maryville,35.7565,-83.9705,13.08,66,15,1.45,US,1681093074
246,menongue,-14.6585,17.691,15.47,69,100,1.6,AO,1681092793
247,vallenar,-28.5708,-70.7581,20.2,63,2,0.82,CL,1681093075
248,yakima,46.4665,-120.6678,14.69,65,0,9.26,US,1681093075
249,alice springs,-23.7,133.8833,31.79,13,10,4.12,AU,1681093075
250,bowen,-20.0167,148.2333,27.56,49,0,2.18,AU,1681093076
251,rawicz,51.6095,16.8585,6.64,100,84,1.4,PL,1681093076
252,toora-khem,52.4675,96.11,-7.39,48,90,1.89,RU,1681093076
253,pandan,14.0453,124.1694,27.93,69,51,6.36,PH,1681092799
254,klaksvik,62.2266,-6.589,6.51,94,100,13.07,FO,1681093077
255,lulea,65.5842,22.1547,-3.96,93,100,1.54,SE,1681093077
256,sinnamary,5.3833,-52.95,24.99,87,12,3.49,GF,1681093077
257,tilichiki,60.4667,166.1,-7.3,85,100,5.72,RU,1681093077
258,jalu,29.0331,21.5482,15.51,67,5,7.4,LY,1681093078
259,fortuna,40.5982,-124.1573,14.25,80,100,0.45,US,1681092906
260,waingapu,-9.6567,120.2641,25.13,91,100,4.22,ID,1681093079
261,dayong,25.0209,118.2898,22.8,44,0,0.68,CN,1681093079
262,shahreza,32.0339,51.8794,13.48,30,100,1.65,IR,1681093079
263,zambezi,-13.5432,23.1047,17.59,94,97,1.92,ZM,1681093080
264,bambamarca,-6.6833,-78.5333,12.09,98,97,1.51,PE,1681093081
265,iqaluit,63.7506,-68.5145,-24.15,84,20,0.0,CA,1681093082
266,tezu,27.9167,96.1667,29.18,32,21,0.34,IN,1681092439
267,pontes e lacerda,-15.2261,-59.3353,21.84,97,67,1.03,BR,1681093082
268,jadu,31.953,12.0261,9.91,67,0,1.94,LY,1681093083
269,puerto baquerizo moreno,-0.9,-89.6,27.08,72,36,0.94,EC,1681093084
270,san policarpo,12.1791,125.5072,27.88,72,100,6.02,PH,1681093084
271,mahebourg,-20.4081,57.7,25.16,83,40,5.14,MU,1681093085
272,datong,40.0936,113.2914,17.31,17,23,9.14,CN,1681093085
273,esperance,-33.8667,121.9,21.04,64,4,5.34,AU,1681093085
274,grindavik,63.8424,-22.4338,4.26,87,75,5.66,IS,1681093085
275,ilulissat,69.2167,-51.1,-4.99,93,40,5.66,GL,1681093086
276,hasaki,35.7333,140.8333,20.16,53,1,7.97,JP,1681093086
277,urumqi,43.801,87.6005,7.53,76,0,1.0,CN,1681093086
278,mandurah,-32.55,115.7,22.17,63,89,8.23,AU,1681092653
279,aklavik,68.2191,-135.0107,-11.34,92,100,4.95,CA,1681093087
280,pacifica,37.6138,-122.4869,20.32,65,40,8.75,US,1681092872
281,pacific grove,36.6177,-121.9166,19.25,54,0,2.68,US,1681092863
282,shenjiamen,29.9576,122.298,14.62,82,1,7.85,CN,1681093089
283,gamba,-2.65,10.0,24.26,91,100,1.67,GA,1681093089
284,la ronge,55.1001,-105.2842,11.14,32,20,1.54,CA,1681093089
285,tiznit,29.5833,-9.5,20.35,22,71,2.23,MA,1681093089
286,banda aceh,5.5577,95.3222,27.78,71,94,1.98,ID,1681092794
287,moussoro,13.6408,16.4901,30.93,13,100,1.47,TD,1681093090
288,kapoeta,4.7717,33.5903,26.53,49,14,5.51,SS,1681093091
289,capreol,46.706,-80.9225,1.42,75,0,5.14,CA,1681093091
290,thompson,55.7435,-97.8558,6.09,56,20,1.03,CA,1681093092
291,nikolskoye,59.7035,30.7861,2.67,98,99,1.66,RU,1681093092
292,aranda de duero,41.6704,-3.6892,10.89,55,90,2.43,ES,1681093092
293,libreville,0.3925,9.4537,25.8,86,100,0.59,GA,1681093093
294,zary,51.6421,15.1373,6.3,92,84,0.45,PL,1681093093
295,martinez,38.0194,-122.1341,22.17,51,0,3.09,US,1681093093
296,tual,-5.6667,132.75,28.5,71,83,2.69,ID,1681093094
297,sinazongwe,-17.2614,27.4618,22.53,62,96,1.73,ZM,1681093094
298,severo-kurilsk,50.6789,156.125,0.29,97,100,9.76,RU,1681093094
299,vostok,46.4856,135.8833,12.66,33,67,2.13,RU,1681093094
300,astoria,46.1879,-123.8313,11.44,96,100,4.63,US,1681093095
301,poum,-20.2333,164.0167,26.6,69,0,2.01,NC,1681093095
302,ust-ishim,57.6935,71.1665,0.15,90,56,2.43,RU,1681093095
303,yenagoa,4.9247,6.2642,24.3,88,100,1.58,NG,1681093096
304,kupang,-10.1667,123.5833,26.32,94,100,6.17,ID,1681093096
305,ouadda,8.0777,22.4007,21.39,75,100,1.19,CF,1681093096
306,nikolayevsk-na-amure,53.1406,140.73,2.55,51,9,2.64,RU,1681093097
307,vao,-22.6667,167.4833,25.53,76,5,2.07,NC,1681093097
308,dunedin,-45.8742,170.5036,14.22,98,100,4.43,NZ,1681093097
309,mayumba,-3.432,10.6554,25.48,90,100,1.78,GA,1681093098
310,garowe,8.4054,48.4845,23.38,81,96,4.26,SO,1681093098
311,concarneau,47.875,-3.9225,12.44,97,100,5.12,FR,1681093098
312,perisani,45.3833,24.4,3.86,93,88,1.87,RO,1681093099
313,sao joao da barra,-21.6403,-41.0511,22.06,89,100,3.83,BR,1681093099
314,great yarmouth,52.6083,1.7305,11.14,82,100,7.93,GB,1681093099
315,namibe,-15.1961,12.1522,23.31,77,9,2.65,AO,1681093100
316,ahvaz,31.3203,48.6693,19.97,42,0,1.03,IR,1681093100
317,bandarbeyla,9.4942,50.8122,27.25,79,85,4.51,SO,1681093100
318,rwamagana,-1.9487,30.4347,16.69,97,89,1.09,RW,1681093101
319,genc,38.7507,40.5603,9.64,83,100,1.8,TR,1681093101
320,matagami,49.7502,-77.6328,5.06,38,0,5.14,CA,1681093101
321,port hedland,-20.3167,118.5667,35.03,26,81,2.57,AU,1681093102
322,ostersund,63.1792,14.6357,0.34,100,20,4.12,SE,1681093102
323,raudeberg,61.9875,5.1352,5.48,68,100,7.3,NO,1681093103
324,maumere,-8.6199,122.2111,27.72,74,100,1.71,ID,1681093103
325,vanavara,60.34,102.2797,-12.41,85,87,2.47,RU,1681093103
326,suffolk,40.8668,-72.7996,6.95,67,0,1.54,US,1681093104
327,tuatapere,-46.1333,167.6833,17.33,58,99,0.74,NZ,1681093104
328,saint-georges,12.0564,-61.7485,25.82,83,20,6.17,GD,1681093105
329,mindelo,16.8901,-24.9804,21.75,64,40,8.75,CV,1681093105
330,las cruces,32.3123,-106.7783,26.06,14,0,0.0,US,1681092963
331,sauteurs,12.2167,-61.6333,25.39,80,99,8.11,GD,1681093106
332,sovetskiy,61.3614,63.5842,-5.6,82,88,5.56,RU,1681093106
333,tahoua,14.8888,5.2692,29.05,12,100,5.85,NE,1681093106
334,college,64.8569,-147.8028,-10.79,56,75,5.14,US,1681093107
335,asnaes,55.8123,11.5013,4.19,80,96,4.98,DK,1681093107
336,gboko,7.3179,8.9951,25.03,72,100,2.99,NG,1681093108
337,bellevue,47.6104,-122.2007,12.9,91,100,5.66,US,1681092816
338,deniliquin,-35.5333,144.9667,16.89,45,39,5.42,AU,1681093109
339,katherine,-14.4667,132.2667,30.18,62,75,3.6,AU,1681093109
340,bonthe,7.5264,-12.505,26.25,81,100,0.93,SL,1681093109
341,batouri,4.4333,14.3667,21.36,86,100,1.22,CM,1681093110
342,vestmannaeyjar,63.4427,-20.2734,6.78,74,82,6.64,IS,1681093110
343,ishinomaki,38.4167,141.3,14.0,43,100,2.82,JP,1681093110
344,sompeta,18.9333,84.6,29.77,52,0,2.39,IN,1681093111
345,srednekolymsk,67.45,153.6833,-6.41,77,6,5.89,RU,1681093111
346,rafaela,-31.2503,-61.4867,19.99,54,0,0.45,AR,1681093111
347,palu,-0.8917,119.8707,29.85,67,62,1.87,ID,1681093112
348,eisiskes,54.1667,25.0,7.24,88,82,2.18,LT,1681093112
349,rodeo,38.033,-122.2669,20.53,54,49,2.68,US,1681092948
350,boa vista,2.8197,-60.6733,29.99,51,0,3.6,BR,1681093113
351,todos santos,23.45,-110.2167,20.37,77,100,1.82,MX,1681093113
352,komsomolskiy,40.4272,71.7189,13.4,76,40,4.12,UZ,1681093113
353,aberystwyth,52.4155,-4.0829,9.84,96,100,8.01,GB,1681093114
354,tolaga bay,-38.3667,178.3,23.46,53,0,3.51,NZ,1681093114
355,kaitangata,-46.2817,169.8464,14.2,96,100,5.05,NZ,1681093115
356,hambantota,6.1241,81.1185,27.27,75,2,4.9,LK,1681093115
357,aracati,-4.5617,-37.7697,25.07,86,49,2.57,BR,1681092875
358,uige,-7.6087,15.0613,19.46,98,100,0.57,AO,1681093115
359,nautla,20.2167,-96.7833,21.45,87,100,2.87,MX,1681093116
360,matara,5.9485,80.5353,26.1,77,1,3.2,LK,1681093116
361,chuy,-33.6971,-53.4616,17.47,90,0,2.71,UY,1681093116
362,zhangye,38.9342,100.4517,8.02,47,98,3.28,CN,1681093117
363,ayan,56.45,138.1667,-2.86,51,0,3.83,RU,1681093117
364,itaituba,-4.2761,-55.9836,23.03,98,74,0.07,BR,1681093117
365,armidale,-30.5167,151.65,14.47,41,0,6.56,AU,1681093117
366,hvide sande,56.0045,8.1294,5.61,77,100,7.42,DK,1681093118
367,kyshtovka,56.555,76.6271,0.46,86,39,5.18,RU,1681093118
368,greenfield,42.9614,-88.0126,13.51,43,75,3.6,US,1681093118
369,bara,10.3744,10.7288,27.05,61,100,4.68,NG,1681092703
370,udachnyy,66.4167,112.4,-19.2,64,100,2.46,RU,1681093119
371,dallas,32.7668,-96.7836,20.03,63,75,2.06,US,1681092226
372,shieli,44.1667,66.75,15.66,60,70,3.86,KZ,1681093119
373,urengoy,65.9667,78.3667,-14.48,93,100,6.69,RU,1681093119
374,itapirapua,-15.8233,-50.6133,22.27,89,100,1.54,BR,1681093120
375,rocha,-34.4833,-54.3333,14.77,92,0,2.98,UY,1681093120
376,tevriz,57.509,72.4042,0.94,89,73,3.03,RU,1681093121
377,macomb,40.4592,-90.6718,14.35,41,0,2.57,US,1681092651
378,rabo de peixe,37.8,-25.5833,15.73,94,75,3.09,PT,1681093121
379,smithers,54.7804,-127.1743,6.18,39,75,6.69,CA,1681092937
380,saint-pierre,-21.3393,55.4781,24.76,78,0,1.54,RE,1681093122
381,brokopondo,4.75,-55.1667,26.19,71,97,3.58,SR,1681093122
382,robertsport,6.7533,-11.3686,26.9,83,100,1.6,LR,1681093122
383,lakatoro,-16.0999,167.4164,30.07,68,67,3.79,VU,1681093123
384,atasu,48.6814,71.6433,3.23,44,36,2.44,KZ,1681093123
385,dandong,40.1292,124.3947,11.8,64,96,8.99,CN,1681093124
386,pangai,-19.8,-174.35,30.06,74,20,6.17,TO,1681093124
387,falam,22.9167,93.6833,24.44,27,0,1.49,MM,1681093124
388,shipunovo,52.1582,82.2173,2.2,45,40,6.76,RU,1681093125
389,great falls,47.5002,-111.3008,15.25,33,0,7.2,US,1681092920
390,nouadhibou,20.931,-17.0347,17.99,82,40,6.17,MR,1681093127
391,trairi,-3.2778,-39.2689,24.11,91,97,2.13,BR,1681093036
392,gravelbourg,49.8834,-106.5512,6.15,88,57,4.15,CA,1681093127
393,narodychi,51.2029,29.0823,6.66,95,100,3.41,UA,1681093128
394,janauba,-15.8025,-43.3089,24.27,64,97,2.26,BR,1681093128
395,maniitsoq,65.4167,-52.9,-1.94,77,51,9.42,GL,1681093128
396,pangnirtung,66.1451,-65.7125,-22.47,77,3,3.09,CA,1681093129
397,cruzeiro do sul,-29.5128,-51.9853,21.96,91,0,1.11,BR,1681093129
398,seydi,39.4816,62.9137,16.06,56,5,5.96,TM,1681093129
399,coihaique,-45.5752,-72.0662,7.97,53,20,2.06,CL,1681093130
400,nhulunbuy,-12.2333,136.7667,31.34,66,40,4.12,AU,1681093130
401,suntar,62.1444,117.6319,-11.57,81,99,2.49,RU,1681093131
402,haines junction,60.7522,-137.5108,0.97,93,100,2.06,CA,1681093131
403,coaldale,49.7167,-112.6185,14.73,38,75,6.17,CA,1681092936
404,maragogi,-9.0122,-35.2225,25.69,80,100,2.91,BR,1681093132
405,ihosy,-22.4,46.1167,18.54,92,95,2.21,MG,1681093133
406,lahaina,20.8783,-156.6825,26.0,87,33,5.11,US,1681092895
407,gojra,31.1487,72.6866,23.59,22,0,2.46,PK,1681093134
408,acatic,20.7833,-102.8833,24.31,19,100,1.11,MX,1681093134
409,aracoiaba,-4.3711,-38.8142,23.01,96,89,0.7,BR,1681093134
410,taoudenni,22.6783,-3.9836,24.53,29,98,2.13,ML,1681093135
411,san andres,12.5847,-81.7006,27.01,74,20,4.63,CO,1681093135
412,miandrivazo,-19.5167,45.4667,24.2,79,0,1.01,MG,1681093135
413,chorley,53.65,-2.6167,10.77,85,100,5.81,GB,1681093135
414,xiongyue,40.1774,122.1228,12.61,70,43,7.4,CN,1681093136
415,bilibino,68.0546,166.4372,-12.89,71,1,2.25,RU,1681093136
416,kailua,21.4022,-157.7394,25.99,81,100,6.17,US,1681093136
417,colares,38.7992,-9.4469,14.31,83,71,6.71,PT,1681093137
418,ugoofaaru,5.6667,73.0,28.38,75,9,4.35,MV,1681093137
419,baturaja,-4.1333,104.1667,25.92,84,100,1.69,ID,1681093031
420,oyama,36.3,139.8,16.99,29,10,2.75,JP,1681093137
421,caravelas,-17.7125,-39.2481,23.96,93,62,3.78,BR,1681093138
422,sale,34.0389,-6.8166,14.86,100,40,1.54,MA,1681093138
423,shirokiy,49.758,129.523,10.95,33,100,6.18,RU,1681093139
424,ambon,-3.6954,128.1814,33.08,58,20,5.14,ID,1681093139
425,normandin,48.8333,-72.5321,4.17,64,67,1.54,CA,1681093139
426,burgeo,47.6167,-57.6152,-2.04,76,42,9.24,CA,1681092936
427,katobu,-4.9408,122.5276,29.45,67,95,4.79,ID,1681093140
428,egvekinot,66.3167,-179.1667,-17.66,75,62,0.23,RU,1681093140
429,troitskoye,52.9821,84.6757,-0.13,68,99,4.06,RU,1681093141
430,filingue,14.3521,3.3168,29.06,14,100,4.7,NE,1681093141
431,valencia,39.3333,-0.8333,11.12,55,57,2.05,ES,1681092930
432,karratha,-20.7377,116.8463,30.53,27,87,5.89,AU,1681093142
433,amambai,-23.1042,-55.2258,19.18,96,10,2.47,BR,1681093142
434,nongan,44.382,125.1685,17.62,38,64,11.78,CN,1681093142
435,broken hill,-31.95,141.4333,17.03,44,0,3.97,AU,1681093143
436,hirara,24.8,125.2833,23.92,56,40,6.17,JP,1681093143
437,koumac,-20.5667,164.2833,28.88,59,0,3.33,NC,1681093143
438,neuquen,-38.9516,-68.0591,15.72,56,45,16.8,AR,1681092932
439,belmonte,-15.8631,-38.8828,25.66,82,0,1.83,BR,1681093144
440,avera,33.194,-82.5271,12.03,65,0,4.14,US,1681093144
441,kangaatsiaq,68.3065,-53.4641,-5.38,84,100,5.66,GL,1681093144
442,vysokogornyy,50.1167,139.15,5.93,51,71,2.52,RU,1681093144
443,gualaco,15.05,-86.05,19.43,84,13,1.64,HN,1681093145
444,jacareacanga,-6.2222,-57.7528,22.85,97,36,0.41,BR,1681093145
445,whitehorse,60.7161,-135.0538,3.34,80,100,4.63,CA,1681093146
446,nchelenge,-9.3451,28.734,19.68,91,100,2.43,ZM,1681093146
447,tanda,26.55,82.65,27.69,12,0,3.13,IN,1681093146
448,tonota,-21.4833,27.4833,19.3,45,97,3.36,BW,1681093147
449,tucuma,-0.1833,-50.05,24.27,91,48,2.08,BR,1681092962
450,lakhipur,26.0299,90.3041,27.54,33,1,1.36,IN,1681093147
451,aginskoye,51.1,114.53,-0.8,84,100,7.85,RU,1681093148
452,shitanjing,39.2342,106.3439,8.72,40,57,8.56,CN,1681093148
453,masallatah,32.6167,14.0,12.59,72,0,6.23,LY,1681093148
454,basco,20.4487,121.9702,23.22,70,82,6.99,PH,1681093148
455,wilmington,34.2257,-77.9447,11.03,59,0,8.75,US,1681092860
456,vilhena,-12.7406,-60.1458,20.5,98,82,1.13,BR,1681093149
457,heihe,50.2441,127.4902,5.32,47,100,4.72,CN,1681093150
458,odweyne,9.4092,45.064,22.53,63,47,5.29,SO,1681093151
459,richards bay,-28.783,32.0377,22.88,92,100,4.04,ZA,1681093151
460,salalah,17.0151,54.0924,27.05,78,40,0.51,OM,1681093151
461,goya,-29.14,-59.2626,18.3,77,0,2.08,AR,1681093152
462,seoul,37.5683,126.9778,15.76,36,0,6.17,KR,1681093105
463,sao jose da coroa grande,-8.8978,-35.1478,25.86,80,99,2.89,BR,1681093152
464,taunsa,30.7048,70.6505,25.32,34,0,1.95,PK,1681093153
465,hamilton,39.1834,-84.5333,12.43,54,0,0.0,US,1681092842
466,amparafaravola,-17.5833,48.2167,18.62,97,94,0.77,MG,1681093153
467,severodvinsk,64.5635,39.8302,1.06,97,72,1.65,RU,1681093154
468,mount gambier,-37.8333,140.7667,14.24,67,97,3.49,AU,1681093154
469,jardim,-21.4803,-56.1381,21.3,91,57,1.57,BR,1681093154
470,bandar-e lengeh,26.5579,54.8807,20.06,83,0,2.06,IR,1681093154
471,lamar,33.6668,-95.5836,17.42,84,0,4.12,US,1681093155
472,nova esperanca,4.438,-61.1151,26.5,43,99,0.87,BR,1681093156
473,sarkand,45.41,79.9186,8.2,48,15,1.14,KZ,1681093157
474,pitea,65.3172,21.4794,-3.95,98,100,1.72,SE,1681093157
475,goundam,16.4145,-3.6708,30.0,29,86,0.72,ML,1681093157
476,west bay,19.3667,-81.4167,26.11,81,20,1.03,KY,1681093157
477,ordzhonikidze,52.4411,61.7408,1.38,63,14,3.16,KZ,1681093158
478,abrau-dyurso,44.69,37.59,7.7,85,83,5.8,RU,1681093158
479,tsabong,-26.0217,22.401,17.41,36,95,5.24,BW,1681093159
480,flinders,-34.5833,150.8552,20.1,46,5,1.79,AU,1681093159
481,belyy yar,53.6039,91.3903,-4.06,50,0,3.0,RU,1681093160
482,porto velho,-8.7619,-63.9039,25.03,94,20,0.0,BR,1681092876
483,ostrovnoy,68.0531,39.5131,-0.62,88,98,6.68,RU,1681093160
484,mahajanga,-15.7167,46.3167,24.42,84,1,4.0,MG,1681093161
485,bathsheba,13.2167,-59.5167,26.34,73,20,8.23,BB,1681093161
486,sangin,32.0728,64.8359,18.6,44,0,4.14,AF,1681093162
487,codrington,-38.2667,141.9667,14.19,67,100,5.59,AU,1681093162
488,lander,42.833,-108.7307,8.45,56,0,2.06,US,1681093101
489,saint augustine,29.8947,-81.3145,19.49,85,100,11.32,US,1681093067
490,tromso,69.6496,18.957,-0.35,93,95,1.54,NO,1681093163
491,asau,46.4333,26.4,-1.49,91,15,1.7,RO,1681093163
492,santa marta,11.2408,-74.199,25.65,84,4,6.98,CO,1681092938
493,ixtapa,20.7,-105.2,24.57,78,75,2.06,MX,1681093164
494,atar,20.5169,-13.0499,23.66,17,0,1.6,MR,1681093164
495,zig,40.127,-92.7663,14.39,34,0,3.6,US,1681093165
496,port blair,11.6667,92.75,30.02,74,40,1.03,IN,1681093166
497,mokhsogollokh,61.4681,128.9203,-6.27,82,75,1.73,RU,1681093166
498,plyussa,58.4308,29.3654,3.02,94,23,1.33,RU,1681093166
499,ikot ekpene,5.1794,7.7108,23.83,93,100,0.94,NG,1681093167
500,mafinga,-7.25,35.0667,19.31,90,85,0.58,TZ,1681093167
501,ventsy,45.3764,40.8358,8.2,91,30,3.24,RU,1681093167
502,hovd,48.0056,91.6419,-3.9,41,0,1.5,MN,1681093168
503,kourou,5.1552,-52.6478,25.03,89,27,2.83,GF,1681093169
504,pemangkat,1.1667,108.9667,27.83,72,40,2.09,ID,1681093169
505,ler,8.3018,30.1418,28.82,43,60,2.1,SS,1681093170
506,uglovskoye,51.3557,80.1942,3.32,43,90,4.8,RU,1681093170
507,nikki,9.9401,3.2108,26.41,61,100,4.08,BJ,1681093170
508,katsuura,35.1333,140.3,18.01,51,2,8.72,JP,1681093171
509,putina,-15.4667,-69.4333,5.77,82,76,2.83,PE,1681093172
510,deputatskiy,69.3,139.9,-16.03,68,100,6.04,RU,1681093172
511,dudinka,69.4058,86.1778,-27.86,97,69,1.91,RU,1681093172
512,portland,45.5234,-122.6762,13.39,90,100,4.92,US,1681092788
513,turka,49.1541,23.0297,0.19,96,99,0.56,UA,1681093173
514,bardiyah,31.7561,25.0865,14.27,79,0,5.15,LY,1681093173
515,bay city,43.5945,-83.8889,12.84,54,0,2.57,US,1681093044
516,egersund,58.4513,5.9997,8.54,77,100,8.9,NO,1681093174
517,daman,20.4167,72.85,27.95,61,19,1.0,IN,1681093174
518,quatre cocos,-20.2078,57.7625,25.06,85,100,3.97,MU,1681093174
519,saint george,37.1041,-113.5841,25.33,16,0,0.0,US,1681093174
520,zangakatun,39.8212,45.0406,7.7,53,99,2.31,AM,1681093175
521,wanning,18.8003,110.3967,25.42,88,100,4.07,CN,1681093175
522,borgarnes,64.5383,-21.9206,5.45,93,100,2.6,IS,1681093175
523,rovaniemi,66.5,25.7167,3.67,60,0,2.06,FI,1681093176
524,tuy hoa,13.0833,109.3,27.86,73,41,2.55,VN,1681093176
525,harper,4.375,-7.7169,26.52,83,100,1.66,LR,1681093176
526,nova olimpia,-14.7972,-57.2881,22.64,96,99,0.6,BR,1681093177
527,bundaberg,-24.85,152.35,28.45,39,0,1.79,AU,1681093177
528,hualmay,-11.0964,-77.6139,24.53,80,75,4.01,PE,1681093177
529,benguela,-12.5763,13.4055,26.21,84,100,2.08,AO,1681093178
530,innisfail,-17.5333,146.0333,31.21,61,100,2.52,AU,1681093178
